{"schemaVersion":"1.0","appDefinitionTemplate":{"id":"/providers/Microsoft.PowerApps/apps/","type":"Microsoft.PowerApps/apps","tags":{"primaryDeviceWidth":"768","primaryDeviceHeight":"1366","supportsPortrait":"true","supportsLandscape":"true","primaryFormFactor":"Tablet","publisherVersion":"3.22105.21","minimumRequiredApiVersion":"2.2.0","hasComponent":"false","hasUnlockedComponent":"false","isUnifiedRootApp":"false","sienaVersion":"20221114T074029Z-3.22105.21.0"},"properties":{"appVersion":"2022-11-14T07:40:29Z","lifeCycleId":"Published","createdByClientVersion":{"major":3,"minor":22105,"build":21,"revision":0,"majorRevision":0,"minorRevision":0},"minClientVersion":{"major":3,"minor":22105,"build":21,"revision":0,"majorRevision":0,"minorRevision":0},"backgroundColor":"RGBA(0,176,240,1)","backgroundImageUri":"/4730945953782618880/N11b2889a-763e-44d9-a5c3-1b5f81c9124c-logoSmallFile","displayName":"TwitterSearchByDate","description":"","commitMessage":"","appUris":{"documentUri":{"value":"/4730945953782618880/Nfc2fd337-916c-42e1-bb8b-2e08af8961c4-document.msapp"},"imageUris":[],"additionalUris":[]},"createdTime":"0001-01-01T00:00:00Z","lastModifiedTime":"0001-01-01T00:00:00Z","sharedGroupsCount":0,"sharedUsersCount":0,"icons":{"smallIconUri":"/4730945953782618880/Ndd091cb3-b988-45e6-8ddf-4695bd2e7614-small.png","mediumIconUri":"/4730945953782618880/N952836c1-6b5a-4d95-974d-40c5f9978951-medium.png","largeIconUri":"/4730945953782618880/Ncaae1f88-9766-4739-9512-0110ebd74f69-large.png","wideIconUri":"/4730945953782618880/N6a7784e7-e845-40ca-87a7-90ee1550bd01-wide.png"},"connectionReferences":{"7ac4ec54-393a-4c88-a52e-d666a08ea274":{"id":"69a6fe75-1e4d-427f-9515-a812420e2f38","displayName":"Twitter","iconUri":"https://connectoricons-prod.azureedge.net/releases/v1.0.1607/1.0.1607.3068/twitter/icon.png","dataSources":["Twitter"],"dependencies":[],"dependents":[],"parameterHints":{},"parameterHintsV2":{},"isOnPremiseConnection":false,"bypassConsent":false,"dataSets":{},"apiTier":"Standard","isCustomApiConnection":false,"authenticationType":"shared-application","actions":["SearchTweet"]}},"databaseReferences":{},"almMode":"Environment","performanceOptimizationEnabled":true,"canConsumeAppPass":true,"enableModernRuntimeMode":false,"executionRestrictions":{"isTeamsOnly":false,"dataLossPreventionEvaluationResult":{"status":"Compliant","lastEvaluationDate":"2022-11-14T07:14:49.0401704Z","violations":[],"violationsByPolicy":[],"violationErrorMessage":"このアプリでは、次のコネクタが使用されます: 。"}}},"appType":"ClassicCanvasApp","appComponents":[]}}