{"schemaVersion":"1.0","appDefinitionTemplate":{"id":"/providers/Microsoft.PowerApps/apps/","type":"Microsoft.PowerApps/apps","tags":{"primaryDeviceWidth":"768","primaryDeviceHeight":"1366","supportsPortrait":"true","supportsLandscape":"true","primaryFormFactor":"Tablet","publisherVersion":"3.22105.21","minimumRequiredApiVersion":"2.2.0","hasComponent":"false","hasUnlockedComponent":"false","isUnifiedRootApp":"false","sienaVersion":"20221114T101755Z-3.22105.21.0"},"properties":{"appVersion":"2022-11-14T10:17:55Z","lifeCycleId":"Published","createdByClientVersion":{"major":3,"minor":22105,"build":21,"revision":0,"majorRevision":0,"minorRevision":0},"minClientVersion":{"major":3,"minor":22105,"build":21,"revision":0,"majorRevision":0,"minorRevision":0},"backgroundColor":"rgba(255, 255, 255, 1)","backgroundImageUri":"/4730945953782618880/Nc546946b-0994-4aef-b0ed-c1ad75a3cb16-logoSmallFile","displayName":"TwitterSearchByDate","description":"","commitMessage":"","appUris":{"documentUri":{"value":"/4730945953782618880/N05ef98af-e17e-4d5d-8beb-a24f26f788b4-document.msapp"},"imageUris":[],"additionalUris":[]},"createdTime":"0001-01-01T00:00:00Z","lastModifiedTime":"0001-01-01T00:00:00Z","sharedGroupsCount":0,"sharedUsersCount":0,"icons":{"smallIconUri":"/4730945953782618880/N08a612f7-85b7-4414-b1ac-304d629a6810-small.png","mediumIconUri":"/4730945953782618880/N32865442-7d18-4256-ad02-57ec7fe264d6-medium.png","largeIconUri":"/4730945953782618880/N1daae0af-46ee-46ee-a9bd-595389b9f6e0-large.png","wideIconUri":"/4730945953782618880/Nd794054c-4ec1-419d-a64a-cdadfe07029e-wide.png"},"connectionReferences":{"7ac4ec54-393a-4c88-a52e-d666a08ea274":{"id":"69a6fe75-1e4d-427f-9515-a812420e2f38","displayName":"Twitter","iconUri":"https://connectoricons-prod.azureedge.net/releases/v1.0.1607/1.0.1607.3068/twitter/icon.png","dataSources":["Twitter"],"dependencies":[],"dependents":[],"parameterHints":{},"parameterHintsV2":{},"isOnPremiseConnection":false,"bypassConsent":false,"dataSets":{},"apiTier":"Standard","isCustomApiConnection":false,"authenticationType":"shared-application","actions":["SearchTweet"]}},"databaseReferences":{},"almMode":"Environment","performanceOptimizationEnabled":true,"canConsumeAppPass":true,"enableModernRuntimeMode":false,"executionRestrictions":{"isTeamsOnly":false,"dataLossPreventionEvaluationResult":{"status":"Compliant","lastEvaluationDate":"2022-11-14T07:14:49.0401704Z","violations":[],"violationsByPolicy":[],"violationErrorMessage":"このアプリでは、次のコネクタが使用されます: 。"}}},"appType":"ClassicCanvasApp","appComponents":[]}}